Category,SKU
Powder,Nido Powder 12×900g
Powder,Nido Powder  12x800g
Powder,Nido Powder 12x650g
Powder,Nido Powder 24×390g 
Powder,Nido Powder  24x375g
Powder,Nido Powder 576x25g
Powder,Nido SAN 36x200g
Powder,Nestle Buniyad  12x990g
Powder,Nestle Buniyad 12×600g
Powder,Nestle Buniyad 36×260g
Powder,Nestle Buniyad 96×130g
Powder,Nestle Buniyad 576×26g
Powder,Nestle Buniyad 288x32g
Nutrition,Nido 1+ 12×900g
Nutrition,Nido 3+ 12×800g
Nutrition,Nido 1+ 24×375g
Nutrition,Nido 3+ 24×375g
Nutrition,Nido 1+ 36×150g
Nutrition,Nido 3+ 36×150g
Powder,Everyday  12x850g
Powder,Everyday  12×560g
Powder,Everyday  24x350g
Powder,Everyday 90x100g
Powder,Everyday  36×230g
Powder,Everyday Kashmiri 3in1 60(10x18g)
Powder,Everyday Powder 9x1.8kg
Powder,Everyday Kashmiri  24x(25x18g)
Powder,Everyday Powder  396x13g
Powder,Everyday Powder 396X9Gm
Powder,Everyday Kashmiri 24x180g
Powder,Everyday Powder  576x26g
Nutrition,Lactogen I 12×800g 
Nutrition,Lactogen II 12×800g 
Nutrition,Lactogen III 12×800g 
Nutrition,Lactogen I DHA 24×400g
Nutrition,Lactogen II DHA 24×400g
Nutrition,Lactogen III DHA 24×400g
Nutrition,Lactogen I DHA 36×200g
Nutrition,Lactogen II DHA 36×200g
Nutrition,Lactogen III DHA 36×200g
Nutrition,LactoGrow Recover 36x200g
Nutrition,Lactogen Recover 36×200g
Nutrition,Lactogen Recover 36x110g
Nutrition,Lactogen Recover 24x375g
Powder,Cerelac Wheat 12x750g
Powder,Cerelac 3 Fruit 12x750g
Powder,Cerelac 3Fruit 24×350g
Powder,Cerelac 3Fruit 48×175g
Powder,Cerelac Wheat 24×350g
Powder,Cerelac Wheat  48×175g
Powder,Cerelac Rice 48×175g
Powder,Cerelac 3 Fruit 320×25g
Powder,Cerelac:Wheat 320×25g
Powder,Cerelac:Rice 320×25g
Powder,Cerelac  Stage-III 48×175g
Powder,Cerelac  Junior YLW 175g
Powder,Cerelac Junior RED 175g
Powder,Cerelac Nature ROA 24x350g
Powder,Cerelac Nature Pome 24x350g
Powder,Cerelac Nature Date 24x350g
Powder,Cerelac Nature ROA 24x175g
Powder,Cerelac Nature Pome 24x175g
Powder,Cerelac Nature Date 24x175g
Powder,Cerelac Nature Pineapple 24x175g
Powder,Cerelac 3Fruit 48×100g
Powder,Koko Krunch Cookie 12(24x14.5g)
Powder,Milo Cereals 10×450g
Powder,Koko Krunch 10×450g
Powder,Koko Krunch 18×330g
Powder,Koko Krunch 18×300g
Powder,Milo Cereals 18×150g
Powder,Koko Krunch 18×150g
Powder,Koko Krunch 24×70g
Powder,Koko Krunch 24(12x15g)
Powder,Milo Active PWD 24x500g
Powder,Milo Active PWD 24x300g
Powder,Milo Active Go (324x15g)
Powder,Milo All in One 24x150g
Nutrition,Nan I Tin 12x900g
Nutrition,Nan II Tin 12x900g
Nutrition,Nan III Tin 12x900g
Nutrition,Nan I  Soft Pack 12x600g
Nutrition,Nan II  Soft Pack 12x600g
Nutrition,Nan II  Soft Pack 12x600g
Nutrition,Nan I Soft Pack 24x300g
Nutrition,Nan II Soft Pack 24x300g
Nutrition,Nan III Soft Pack 24x300g
Nutrition,Nan Supreme Pro1 Tin 12x900g
Nutrition,Nan Supreme Pro 1 Tin 12x400g
Nutrition,Nan I Tin 12x400g
Nutrition,Nan II Tin 12x400g
Nutrition,Nan III Tin 12x400g
Nutrition,Nan EXPERT PRO LF 12x400g
Nutrition,Nan A.R. 12x400g
Nutrition,Nan A.R. 12x200g
Nutrition,Nan HA 12x400g
Nutrition,Prenan 12x400g
Nutrition,Prenan 36x200g
Powder,Nescafe Classic 12×200g
Powder,Nescafe Classic 24×100g
Powder,Nescafe Classic 24×50g
Powder,Nescafe Classic 24×50g Promo
Powder,Nescafe (3 in1)16(30×25g)Box
Powder,Nescafe 3 in 1 432x25g String
Powder,Nescafe Classic 20(50x1.5g)
Powder,Nescafe Classic 12(2×50g)
Powder,Nescafe Gold Jar 6x100g
Powder,Nescafe Gold Capp 10(10x15.5g)
Powder,Nescafe Hazulnet Ice Mix 24(25x33g)
Powder,Nescafe Classic 16(12×25g)
Powder,Nescafe Classic Pouch 8x(6x50g)
Powder,Trix Cereal  18x330g
Dairy,Milkpak UHT 12x1000ml
Dairy,Milkpak UHT 27x250ml
Dairy,Cream Slim 24x200ml
Dairy,Cream Slim 24x180ml
Dairy,Cream Whipping 24x200ml
Dairy,Cream Promo 9x(3x200ml)
Dairy,Milkpak UHT 12x1000ml (Promo)
Dairy,Milkpak UHT 27x250ml (Promo)
Dairy,Everyday Tea 24x180ml
Dairy,Nesvita HCLF 12x1000ml
Dairy,Nesvita HCLF 24x200ml
Bavarages,Fruita Vitals Chaunsa 12x1000ml 
Bavarages,Fruita Vitals Guava  12x1000ml 
Bavarages,Fruita Vitals Apple 12x1000ml 
Bavarages,Fruita Vitals Peach  12x1000ml 
Bavarages,Fruita Vitals Royal Mangoes 12x1000ml 
Bavarages,Fruita Vitals Kinoww 12x1000ml 
Bavarages,Fruita Vitals Chaunsa 24x200ml
Bavarages,Fruita Vitals Guava 24x200ml
Bavarages,Fruita Vitals Apple 24x200ml
Bavarages,Fruita Vitals Peach 24x200ml
Bavarages,Fruita Vitals Royal Mangoes 24x200ml
Bavarages,Fruita Vitals Kinoww24x200ml
Bavarages,Fruita Vitals Red Grapes Gold 12x1000ml
Bavarages,Fruita Vitals Pine Apple Gold 12x1000ml
Bavarages,Fruita Vitals Orange Gold 12x1000ml
Bavarages,Fruita Viatls Gold Qandhari Anaar 12x1000ml
Bavarages,Fruita Vitals Gold Qandhari Anar 12x230ml
Bavarages,Nesfruita Mango 12x1000ml
Bavarages,Nesfruita Apple 12x1000ml
Bavarages,Nesfruita Mango 24x200ml
Bavarages,Nesfruita Apple 24x200ml
Bavarages,NFV Sparkeling Pome 12x240ml
Bavarages,NFV Sparkeling Apple Can 12x250ml
Bavarages,NFV Sparkeling Lime Can 12x250ml
Bavarages,Milo RTD 11+1 Promox180ml
Bavarages,Milo Pet 12x220ml
Bavarages,Milo RTD 24x180ml
Bavarages,Milo RTD 12x180ml
Bavarages,Nescafe Caramel 12x220ml
Bavarages,Nescafe Hazunet 12x220ml
Bavarages,Nescafe  LATTE 12x220ml
Bavarages,Nescafe Mocha 12x220ml
Bavarages,Nescafe Spanish 12x220ml 
Bavarages,Nescafe White Choclate 12x220ml 
Bavarages,Nescafe Mix PET 6x220ml
Water,Pure Life LW 2x5L Blue
Water,Pure Life Bantam 6x1.5L
Water,Pure Life Bantam 12x0.5L
Water,Pure Life Pro (5+1)x1.5L
Water,Pure Life Pro 12x0.5L
Water,Pure Life Pro 12x330ml
Water,Pure Life 12x330ml
Water,Pure Life Promo (10+2)x0.5L
Water,Pure Life  Promo (12+2)x330ml
Water,Sparkeing Water 12x250ml
Water,Pure Life ACTIVE Water 12x500ml
